"Column","Mean","Median","StdDev","P_Value","Normal","Wilcoxon_P_Value"
"s1",2.42857142857143,2,1.23013312825381,0.00386471604446902,"Not Normal",0.19021944315037
"s2",2.83333333333333,3,1.14721050989912,0.00814375073701103,"Not Normal",0.19021944315037
