"Column","Mean","Median","StdDev","P_Value","Normal","Wilcoxon_P_Value"
"s1",3.67857142857143,4,1.15641756615056,0.000773063982948051,"Not Normal",0.651064155853515
"s2",3.8,4,1.18612670137896,0.000943565104432727,"Not Normal",0.651064155853515
