"Column","Mean","Median","StdDev","P_Value","Normal"
"s1",3.14285714285714,3.5,1.20843595623329,0.0020782570551418,"Not Normal"
"s2",3.3,4,1.14921262400498,0.00117381054708197,"Not Normal"
