"Column","Mean","Median","StdDev","P_Value","Normal","Wilcoxon_P_Value"
"s1",3.39285714285714,3,0.956044540814477,0.00305509846998716,"Not Normal",0.215520864452963
"s2",3.06666666666667,3,1.11210683353507,0.00368917143279226,"Not Normal",0.215520864452963
