"Column","Mean","Median","StdDev","P_Value","Normal"
"s1",1.34615384615385,1,0.689481410470663,8.55632935977995e-08,"Not Normal"
"s2",1.39285714285714,1,0.497347461393438,2.65552040094922e-07,"Not Normal"
