"Column","Mean","Median","StdDev","P_Value","Normal","Wilcoxon_P_Value"
"s1",1.73076923076923,2,0.827414880586145,7.69669702101066e-06,"Not Normal",0.884988707095634
"s2",1.65384615384615,2,0.689481410470663,4.45011014840523e-06,"Not Normal",0.884988707095634
