"Column","Mean","Median","StdDev","P_Value","Normal","Wilcoxon_P_Value"
"s1",3.75,4,0.751541625470482,0.000985202231394579,"Not Normal",0.853763516119421
"s2",3.66666666666667,4,0.922266074754828,0.00135336694859072,"Not Normal",0.853763516119421
