"Column","Mean","Median","StdDev","P_Value","Normal","Wilcoxon_P_Value"
"s1",2.5,2,1.29099444873581,0.00415970030491129,"Not Normal",0.885380520328689
"s2",2.53333333333333,2,1.25212463115859,0.00215737333017437,"Not Normal",0.885380520328689
