"Column","Mean","Median","StdDev","P_Value","Normal"
"s1",3.89285714285714,4,0.994029797388005,0.00128916125500107,"Not Normal"
"s2",3.8,4,1.03056730275962,0.0018231533751596,"Not Normal"
