"Column","Mean","Median","StdDev","P_Value","Normal","Wilcoxon_P_Value"
"s1",4.14285714285714,4,1.00790526135794,4.6800729742789e-05,"Not Normal",0.781185892631641
"s2",4.23333333333333,4,0.897634182970313,2.9178787879625e-05,"Not Normal",0.781185892631641
