"Column","Mean","Median","StdDev","P_Value","Normal"
"s1",3.03571428571429,3,1.07089934019281,0.00493472934067424,"Not Normal"
"s2",3.36666666666667,4,1.09806517403876,0.00528169376839102,"Not Normal"
