"Column","Mean","Median","StdDev","P_Value","Normal"
"s1",3.10714285714286,3.5,1.2863754913562,0.00421327286390055,"Not Normal"
"s2",3.46666666666667,4,1.19577801345871,0.0062525142321864,"Not Normal"
