"Column","Mean","Median","StdDev","P_Value","Normal","Wilcoxon_P_Value"
"s1",4.28571428571429,4.5,0.809990528391941,2.01580236811008e-05,"Not Normal",0.885528963584815
"s2",4.3,4,0.651258728182957,2.32245937688764e-05,"Not Normal",0.885528963584815
