"Column","Mean","Median","StdDev","P_Value","Normal","Wilcoxon_P_Value"
"s1",3.17857142857143,3,1.12393394522432,0.0310614023970883,"Not Normal",0.333725654216531
"s2",3.46666666666667,4,1.16658456197135,0.00391142514128284,"Not Normal",0.333725654216531
