"Column","Mean","Median","StdDev","P_Value","Normal","Wilcoxon_P_Value"
"s1",3.71428571428571,4,1.08379111207058,0.000589045172118318,"Not Normal",0.150241785287452
"s2",3.3,4,1.14921262400498,0.00117381054708197,"Not Normal",0.150241785287452
