"Column","Mean","Median","StdDev","P_Value","Normal","Wilcoxon_P_Value"
"s1",3.89285714285714,4,0.875141711880434,0.00120047809915929,"Not Normal",0.304102326076859
"s2",4.1,4,0.844862771962569,8.34981647767354e-05,"Not Normal",0.304102326076859
