"Column","Mean","Median","StdDev","P_Value","Normal"
"s1",4.22222222222222,4,0.427792631946499,1.1913737706038e-06,"Not Normal"
"s2",4,4,0.612372435695794,3.61666450321985e-06,"Not Normal"
