"Column","Mean","Median","StdDev","P_Value","Normal","Wilcoxon_P_Value"
"s1",3.71428571428571,4,1.08379111207058,0.00437183559967139,"Not Normal",0.218569849701464
"s2",3.96666666666667,4,1.21721370161624,1.82298384544152e-05,"Not Normal",0.218569849701464
