"Column","Mean","Median","StdDev","P_Value","Normal"
"s1",3.82142857142857,4,1.02029666813398,0.0011466037550177,"Not Normal"
"s2",4,4,0.8304547985374,0.000667397934458826,"Not Normal"
