"Column","Mean","Median","StdDev","P_Value","Normal"
"s1",3.64285714285714,4,1.22366437283861,0.0033574123244747,"Not Normal"
"s2",3.9,4,0.959525744924238,0.000408118323589835,"Not Normal"
