"Column","Mean","Median","StdDev","P_Value","Normal","Wilcoxon_P_Value"
"s1",3.03571428571429,3,1.07089934019281,0.00493472934067424,"Not Normal",0.24217497778763
"s2",3.36666666666667,4,1.09806517403876,0.00528169376839102,"Not Normal",0.24217497778763
