"Column","Mean","Median","StdDev","P_Value","Normal","Wilcoxon_P_Value"
"s1",3.28571428571429,4,1.15010926557059,0.000604411152029775,"Not Normal",0.347131228787547
"s2",3.06666666666667,3,1.11210683353507,0.0264318054994161,"Not Normal",0.347131228787547
