"Column","Mean","Median","StdDev","P_Value","Normal"
"s1",3.96428571428571,4,0.88116685505926,0.000873709048071051,"Not Normal"
"s2",3.83333333333333,4,0.949894125981792,9.61500969617264e-05,"Not Normal"
