"Column","Mean","Median","StdDev","P_Value","Normal","Wilcoxon_P_Value"
"s1",3.78571428571429,4,1.10074529825942,0.000797182560932173,"Not Normal",0.409104277231023
"s2",3.6,4,0.932183199398798,0.000549482599943453,"Not Normal",0.409104277231023
