"Column","Mean","Median","StdDev","P_Value","Normal","Wilcoxon_P_Value"
"s1",3.82142857142857,4,1.18801332542007,0.000164306356153128,"Not Normal",0.189347477549562
"s2",4.2,4,1.06350104972145,1.66348015941553e-06,"Not Normal",0.189347477549562
