"Column","Mean","Median","StdDev","P_Value","Normal","Wilcoxon_P_Value"
"s1",2.32142857142857,2,1.15641756615056,0.00509552976532271,"Not Normal",0.432066907308036
"s2",2.63333333333333,2,1.37673610356182,0.0024687613343379,"Not Normal",0.432066907308036
