"Column","Mean","Median","StdDev","P_Value","Normal","Wilcoxon_P_Value"
"s1",3.5,4,1.0363754503432,4.26728585827224e-05,"Not Normal",0.17080504554712
"s2",3.1,3,1.15519814690844,0.00051077423711834,"Not Normal",0.17080504554712
