"Column","Mean","Median","StdDev","P_Value","Normal"
"s1",4.75,5,0.645497224367903,3.25990859230248e-09,"Not Normal"
"s2",4.7,5,0.651258728182957,7.46425273556048e-09,"Not Normal"
