"Column","Mean","Median","StdDev","P_Value","Normal"
"s1",2.89285714285714,3,1.03061598676195,0.00024252629122054,"Not Normal"
"s2",3.63333333333333,4,0.99942512211403,0.00231274091000763,"Not Normal"
