"Column","Mean","Median","StdDev","P_Value","Normal","Wilcoxon_P_Value"
"s1",3.96428571428571,4,1.03573709152049,0.000207697030345231,"Not Normal",0.743552568129761
"s2",3.9,4,0.994814139633024,0.000826557975038358,"Not Normal",0.743552568129761
