"Column","Mean","Median","StdDev","P_Value","Normal","Wilcoxon_P_Value"
"s1",4.08695652173913,4,0.900153697899363,0.0016204705636957,"Not Normal",0.841869711480855
"s2",4.03333333333333,4,0.927857499958849,0.000168885199800531,"Not Normal",0.841869711480855
