"Column","Mean","Median","StdDev","P_Value","Normal"
"s1",4.30434782608696,4,0.764840007553312,0.000142802852635842,"Not Normal"
"s2",4.33333333333333,4.5,0.758098043578903,1.35809348150119e-05,"Not Normal"
