"Column","Mean","Median","StdDev","P_Value","Normal"
"s1",3.4,4,1.29099444873581,0.0171061345007603,"Not Normal"
"s2",3.63333333333333,4,1.37673610356182,0.000256006872364586,"Not Normal"
