"Column","Mean","Median","StdDev","P_Value","Normal","Wilcoxon_P_Value"
"s1",3.69565217391304,4,1.06321906614239,0.010006004947236,"Not Normal",0.313687441580048
"s2",3.93333333333333,4,1.08065539926196,9.2034039907487e-05,"Not Normal",0.313687441580048
