"Column","Mean","Median","StdDev","P_Value","Normal","Wilcoxon_P_Value"
"s1",4.32,4,0.690410505906933,9.98403042745738e-05,"Not Normal",0.0130557063803668
"s2",3.6,4,1.13258934335868,0.00173731469601724,"Not Normal",0.0130557063803668
