"Column","Mean","Median","StdDev","P_Value","Normal","Wilcoxon_P_Value"
"s1",4.39130434782609,4,0.656376446504361,9.38196745636452e-05,"Not Normal",0.840984779204424
"s2",4.43333333333333,4.5,0.626062315579293,6.86721085143839e-06,"Not Normal",0.840984779204424
