"Column","Mean","Median","StdDev","P_Value","Normal","Wilcoxon_P_Value"
"s1",3.47826086956522,4,1.16266016364477,0.00152629531375104,"Not Normal",0.567907068828133
"s2",3.63333333333333,4,1.18854687672002,0.000134519225339409,"Not Normal",0.567907068828133
