"Column","Mean","Median","StdDev","P_Value","Normal"
"s1",3.26086956521739,3,1.21421097853514,0.0660668473206815,"Normal"
"s2",3.6,4,1.03723771092528,0.00777451443895393,"Not Normal"
