"Column","Mean","Median","StdDev","P_Value","Normal","Wilcoxon_P_Value"
"s1",4.44,5,0.711805216802087,2.02259894234254e-05,"Not Normal",0.777151255660117
"s2",4.26666666666667,5,1.04826073794292,2.01493899136002e-06,"Not Normal",0.777151255660117
