"Column","Mean","Median","StdDev","P_Value","Normal","Wilcoxon_P_Value"
"s1",1.625,1,1.02469507659596,4.82522205049005e-05,"Not Normal",0.481777609103499
"s2",1.4,1,0.866025403784439,4.12375815078282e-08,"Not Normal",0.481777609103499
