"Column","Mean","Median","StdDev","P_Value","Normal","Wilcoxon_P_Value"
"s1",3.26086956521739,3,1.32175473258942,0.0237006563019475,"Not Normal",0.0756169255425422
"s2",3.9,4,1.06187862154606,0.000177673420440506,"Not Normal",0.0756169255425422
