"Column","Mean","Median","StdDev","P_Value","Normal"
"s1",3,3,1.08711461300922,0.0295243368997083,"Not Normal"
"s2",3.2,3,0.846901044579793,0.0014902386463301,"Not Normal"
