"Column","Mean","Median","StdDev","P_Value","Normal","Wilcoxon_P_Value"
"s1",3.82608695652174,4,1.26678454482361,0.00101823122733971,"Not Normal",0.205402118594768
"s2",3.5,4,1.07478947417301,0.00033050261197602,"Not Normal",0.205402118594768
