"Column","Mean","Median","StdDev","P_Value","Normal","Wilcoxon_P_Value"
"s1",2.43478260869565,2,0.992063366585098,0.00742527644133147,"Not Normal",0.288496310927506
"s2",2.7,3,1.02216808119159,0.00723932935949066,"Not Normal",0.288496310927506
