"Column","Mean","Median","StdDev","P_Value","Normal"
"s1",3.08695652173913,3,1.23997959947518,0.015478164273658,"Not Normal"
"s2",3.3,4,1.20773369980935,0.00473923153191528,"Not Normal"
