"Column","Mean","Median","StdDev","P_Value","Normal"
"s1",2.91304347826087,3,1.16435871847831,0.00491935733364798,"Not Normal"
"s2",2.76666666666667,3,1.10432795395438,0.0134259112533636,"Not Normal"
