"Column","Mean","Median","StdDev","P_Value","Normal","Wilcoxon_P_Value"
"s1",3.65217391304348,4,1.22877232346961,0.000423349123102287,"Not Normal",0.893481464810534
"s2",3.63333333333333,4,1.18854687672002,0.000908738488177804,"Not Normal",0.893481464810534
