"Column","Mean","Median","StdDev","P_Value","Normal","Wilcoxon_P_Value"
"s1",2.95652173913043,3,1.2605287804426,0.0113134740598267,"Not Normal",0.992629006662201
"s2",2.96666666666667,3,1.37673610356182,0.00705754084781389,"Not Normal",0.992629006662201
