"Column","Mean","Median","StdDev","P_Value","Normal"
"s1",3.47826086956522,4,1.08164711172743,0.00729724297930817,"Not Normal"
"s2",3,3,1.25944705984481,0.00324825282109933,"Not Normal"
