"Column","Mean","Median","StdDev","P_Value","Normal","Wilcoxon_P_Value"
"s1",4.21739130434783,4,0.735868178605778,7.9758878603907e-05,"Not Normal",0.736115874338781
"s2",4.26666666666667,4,0.784915252764901,4.41217755099569e-05,"Not Normal",0.736115874338781
