"Column","Mean","Median","StdDev","P_Value","Normal","Wilcoxon_P_Value"
"s1",3,2,1.24316312101612,0.000868749473555483,"Not Normal",0.888739733300119
"s2",2.9,3,1.09387006730138,0.0303782723070141,"Not Normal",0.888739733300119
