"Column","Mean","Median","StdDev","P_Value","Normal","Wilcoxon_P_Value"
"s1",3.0625,4,1.43614066163451,0.00915888529716986,"Not Normal",0.235344888944362
"s2",2.4,2,1.24211800681624,0.00453372050363392,"Not Normal",0.235344888944362
