"Column","Mean","Median","StdDev","P_Value","Normal","Wilcoxon_P_Value"
"s1",2.92,3,1.32035348802256,0.0108937882088933,"Not Normal",0.114655803521121
"s2",2.33333333333333,2,1.09334454718107,0.00538116166087362,"Not Normal",0.114655803521121
