"Column","Mean","Median","StdDev","P_Value","Normal"
"s1",3.04347826086957,3,1.46095426067302,0.00853000376131324,"Not Normal"
"s2",2.86666666666667,3,1.47935991128813,0.0024420759538205,"Not Normal"
