"Column","Mean","Median","StdDev","P_Value","Normal","Wilcoxon_P_Value"
"s1",3.52173913043478,4,1.08164711172743,0.0291022567745902,"Not Normal",0.903155700669254
"s2",3.56666666666667,4,1.07264845715811,0.00897997107659606,"Not Normal",0.903155700669254
