"Column","Mean","Median","StdDev","P_Value","Normal","Wilcoxon_P_Value"
"s1",3.52173913043478,4,1.12288448436043,0.00137053974742659,"Not Normal",0.513204596144407
"s2",3.66666666666667,4,1.21295686972625,0.00018058857399107,"Not Normal",0.513204596144407
