"Column","Mean","Median","StdDev","P_Value","Normal","Wilcoxon_P_Value"
"s1",3,3,1.08711461300922,0.0295243368997083,"Not Normal",0.604364404071536
"s2",3.2,3,0.846901044579793,0.0014902386463301,"Not Normal",0.604364404071536
