"Column","Mean","Median","StdDev","P_Value","Normal"
"s1",3.56521739130435,4,1.19947287500202,0.000930999423003928,"Not Normal"
"s2",3.66666666666667,4,1.32178910450253,4.3302563200184e-05,"Not Normal"
