"Column","Mean","Median","StdDev","P_Value","Normal","Wilcoxon_P_Value"
"s1",3.68,4,1.06926766215636,0.00202218699029499,"Not Normal",0.633231017352889
"s2",3.73333333333333,4,1.31131240743198,0.000177216942609848,"Not Normal",0.633231017352889
