"Column","Mean","Median","StdDev","P_Value","Normal","Wilcoxon_P_Value"
"s1",3.04347826086957,3,1.06507621876496,0.000653777800507786,"Not Normal",0.51702430384104
"s2",3.23333333333333,3,1.1351236704106,0.00557017706163642,"Not Normal",0.51702430384104
