"Column","Mean","Median","StdDev","P_Value","Normal","Wilcoxon_P_Value"
"s1",3.34782608695652,4,1.070628347882,0.00583387049431545,"Not Normal",0.478779525367367
"s2",3.53333333333333,4,1.27936765989898,0.00288480177441974,"Not Normal",0.478779525367367
