"Column","Mean","Median","StdDev","P_Value","Normal","Wilcoxon_P_Value"
"s1",3.88,4,0.92736184954957,0.0039219246981126,"Not Normal",0.859601537402717
"s2",3.83333333333333,4,1.20582875587944,0.000432145088983817,"Not Normal",0.859601537402717
