"Column","Mean","Median","StdDev","P_Value","Normal"
"s1",4,4,0.603022689155527,0.000113495087999686,"Not Normal"
"s2",4,4,1.01709525543122,8.24829699998715e-05,"Not Normal"
