"Column","Mean","Median","StdDev","P_Value","Normal"
"s1",3.69565217391304,4,1.01957132742129,0.00229624905521266,"Not Normal"
"s2",3.73333333333333,4,0.691491807283521,0.000178801929509641,"Not Normal"
