"Column","Mean","Median","StdDev","P_Value","Normal","Wilcoxon_P_Value"
"jmcq_p1_j_gain",-7.29563492063492,-5.80357142857143,7.5881686271604,0.0035428830226024,"Not Normal",7.86424349447624e-11
"jmcq_p3a_j_gain",-36.1799568965517,-36.25,8.80528871288569,0.0367789658716042,"Not Normal",7.86424349447624e-11
