"Column","Mean","Median","StdDev","P_Value","Normal","Wilcoxon_P_Value"
"jmcq_p1_j_cons",-11,-8.75,10.7999042141346,0.0312743653667214,"Not Normal",0.761132210618729
"jmcq_p2_j_cons",-11.25,-10,9.62105270604074,0.12919046177993,"Normal",0.761132210618729
