"Column","Mean","Median","StdDev","P_Value","Normal","Wilcoxon_P_Value"
"jmcq_p1_j_gain",-25.8365079365079,-24.6428571428571,6.07053490172833,0.00354288302260227,"Not Normal",2.35027560372855e-10
"jmcq_p3a_j_gain",27.6400862068966,27.5,17.6105774257714,0.0367789658716034,"Not Normal",2.35027560372855e-10
