"Column","Mean","Median","StdDev","P_Value","Normal","Wilcoxon_P_Value"
"jmcq_p1_j_cons",-10,-7.5,10.7710549622588,0.00534800274162214,"Not Normal",0.0295389315348194
"jmcq_p3a_j_cons",-16.6666666666667,-17.7777777777778,13.9635983490305,0.000190800001155682,"Not Normal",0.0295389315348194
