"Column","Mean","Median","StdDev","P_Value","Normal","Wilcoxon_P_Value"
"jmcq_p1_j_gain",-25.8365079365079,-24.6428571428571,6.07053490172833,0.00354288302260227,"Not Normal",0.598921831621979
"jmcq_p2_j_gain",-26.2512345679012,-25.2777777777778,5.90043892116112,0.0285441015689313,"Not Normal",0.598921831621979
