"Column","Mean","Median","StdDev","P_Value","Normal","Wilcoxon_P_Value"
"jmcq_p2_j_cons",-10.2272727272727,-10,9.73002032138399,0.0499560179918061,"Not Normal",0.0263114936492391
"jmcq_p3a_j_cons",-16.6666666666667,-17.7777777777778,13.9635983490305,0.000190800001155682,"Not Normal",0.0263114936492391
