"Column","Mean","Median","StdDev","P_Value","Normal","Wilcoxon_P_Value"
"jmcq_p2_j_gain",-7.81404320987655,-6.59722222222222,7.3755486514514,0.0285441015689314,"Not Normal",0.00339258945636082
"jmcq_p3a_j_gain",-14.9066091954023,-15,11.7403849505143,0.0367789658716042,"Not Normal",0.00339258945636082
