"Column","Mean","Median","StdDev","P_Value","Normal","Wilcoxon_P_Value"
"jmcq_p2_j_gain",-26.2512345679012,-25.2777777777778,5.90043892116112,0.0285441015689313,"Not Normal",1.92813939971465e-10
"jmcq_p3a_j_gain",27.6400862068966,27.5,17.6105774257714,0.0367789658716034,"Not Normal",1.92813939971465e-10
