"Column","Mean","Median","StdDev","P_Value","Normal","Wilcoxon_P_Value"
"jmcq_p2_j_cons",-10.2272727272727,-10,9.73002032138399,0.0499560179918061,"Not Normal",0.000436661103829153
"jmcq_p3a_j_cons",-25,-26.6666666666666,20.9453975235458,0.000190800001155677,"Not Normal",0.000436661103829153
