"Column","Mean","Median","StdDev","P_Value","Normal","Wilcoxon_P_Value"
"jmcq-p3a-tierC",7.5,0,11.9895788082818,0.0264858926696287,"Not Normal",0.840475725850317
"mcq-p3a-tierC",13.3333333333333,13.3333333333333,14.6059348668044,0.00403932851745828,"Not Normal",0.840475725850317
