"Column","Mean","Median","StdDev","P_Value","Normal","Wilcoxon_P_Value"
"jmcq-p3a-tierA",83.4375,85,8.55740420143087,0.0324996115772237,"Not Normal",0.808230241004193
"mcq-p3a-tierA",84.7058823529412,80,8.74474632195206,2.48398980908399e-06,"Not Normal",0.808230241004193
