"Column","Mean","Median","StdDev","P_Value","Normal","Wilcoxon_P_Value"
"jmcq-p3a-tierB",47.9545454545455,50,9.92586153805942,0.478198597651627,"Normal",0.0716868075751567
"mcq-p3a-tierB",56,60,8.43274042711568,4.67233314365299e-06,"Not Normal",0.0716868075751567
