"Column","Mean","Median","StdDev","P_Value","Normal","Wilcoxon_P_Value"
"jmcq-p3a-tierB",47.9545454545455,50,9.92586153805942,0.478198597651627,"Normal",0.000430122176970077
"mcq-p3a-tierB",74.6666666666667,80,11.2436539028209,4.67233314365295e-06,"Not Normal",0.000430122176970077
