"Column","Mean","Median","StdDev","P_Value","Normal","Wilcoxon_P_Value"
"msec_23_p_gain",6.95871715675086,3.88888888888889,12.424271956396,9.57888199821654e-13,"Not Normal",0.52008323045939
"jsec_p_gain",5.49444999096987,0.91636363636363,8.3125287361058,8.65976242604849e-12,"Not Normal",0.52008323045939
