"Column","Mean","Median","StdDev","P_Value","Normal","Wilcoxon_P_Value"
"msec_22_grades",57.4684210526316,58.3,17.9792798221724,0.185315131021819,"Normal",7.05756077244315e-05
"jsec_22_grades",79.5775510204082,84.2,15.0933382836342,0.000534791121539816,"Not Normal",7.05756077244315e-05
