"Column","Mean","Median","StdDev","P_Value","Normal","Wilcoxon_P_Value"
"msec_23_grades",75.4444444444444,80,19.4140925943224,1.95536773590822e-05,"Not Normal",0.144734423539092
"jsec_23_grades",72.1488764044944,75,19.1445131849004,0.00214011186875467,"Not Normal",0.144734423539092
