"Column","Mean","Median","StdDev","P_Value","Normal","Wilcoxon_P_Value"
"msec_22_grades",57.4684210526316,58.3,17.9792798221724,0.185315131021819,"Normal",0.000291428756942249
"msec_23_grades",75.4444444444444,80,19.4140925943224,1.95536773590822e-05,"Not Normal",0.000291428756942249
