"Column","Mean","Median","StdDev","P_Value","Normal","Wilcoxon_P_Value"
"jsec_22_grades",79.5775510204082,84.2,15.0933382836342,0.000534791121539816,"Not Normal",0.0236255798049004
"jsec_23_grades",72.1488764044944,75,19.1445131849004,0.00214011186875467,"Not Normal",0.0236255798049004
