"Column","Mean","Median","StdDev","P_Value","Normal","Wilcoxon_P_Value"
"msec_23_mcq_grades",75.4444444444444,80,19.4140925943224,1.95536773590822e-05,"Not Normal",0.550697784093509
"jsec_23_mcq_grades",77.5,80,18.3092127828389,2.05403381329651e-05,"Not Normal",0.550697784093509
