"Column","Mean","Median","StdDev","P_Value","Normal","Wilcoxon_P_Value"
"jsec_22_j_grades",77.244693877551,81.67,16.7271373948195,0.00117699229100531,"Not Normal",0.00396829939199814
"jsec_23_j_grades",66.7977528089888,70,21.9017328991031,0.00553291873536071,"Not Normal",0.00396829939199814
