"Column","Mean","Median","StdDev","P_Value","Normal","Wilcoxon_P_Value"
"jsec_22_j_effect",-3.1139313070942,-1.74649094610521,5.25321924810739,5.95477840493923e-05,"Not Normal",0.00350630183658997
"jsec_23_j_effect",-7.57988526246953,-5,9.6411360215139,5.81313207225403e-07,"Not Normal",0.00350630183658997
