"Column","Mean","Median","StdDev","P_Value","Normal","Wilcoxon_P_Value"
"jmcq-p3b",53.90625,55,32.5708749523449,0.0529242706521571,"Normal",0.344845139171464
"mcq-p3b",61.2121212121212,60,33.1433982639808,0.000101550640492321,"Not Normal",0.344845139171464
