"Column","Mean","Median","StdDev","P_Value","Normal","Wilcoxon_P_Value"
"jmcq-p3a",38.1034482758621,42,11.8332003507873,0.0680389743607966,"Normal",1.68257283186483e-07
"mcq-p3a",20.4666666666667,22,5.74596310064927,0.00331643095912731,"Not Normal",1.68257283186483e-07
